{ "Livros":
  [
    { "ISBN":"ISBN-0-13-713526-2",
      "Preço":85,
      "Edição":3,
      "Título":"A First Course in Database Systems",
      "Autores":[ {"Nome":"Jeffrey", "Sobrenome":"Ullman"},
                  {"Nome":"Jennifer", "Sobrenome":"Widom"} ] }
    ,
    { "ISBN":"ISBN-0-13-815504-6",
      "Preço":100,
      "Nota":"Compre também o livro 'A First Course' e faça um excelente negócio!",
      "Título":"Database Systems:The Complete Livro",
      "Autores":[ {"Nome":"Hector", "Sobrenome":"Garcia-Molina"},
                  {"Nome":"Jeffrey", "Sobrenome":"Ullman"},
                  {"Nome":"Jennifer", "Sobrenome":"Widom"} ] }
  ],
  "Revistas":
  [
    { "Título":"National Geographic",
      "Mês":"Janeiro",
      "Ano":2009 }
    ,
    { "Título":"Newsweek",
      "Mês":"Fevereiro",
      "Ano":2009 }
  ]
}
